,town,Unnamed: 0,total_count,food,food_avg_spending,shopping,car,health,pet,education,life_service,entertainment,beauty,film_performance,sports,tourism,population_density,GaussianMixture_result,Kmeans_result
0,方松街道,0,1.0,1.0,0.1117764780225281,0.7913223140495868,0.6819407008086253,0.8668341708542714,0.6497975708502024,1.0,0.9322493224932248,0.878839590443686,0.9744463373083476,0.1485148514851485,0.9523809523809524,1.0,0.0794871318691793,8,5
1,花木街道,1,0.8510432766615147,0.8583743842364532,0.2592156982478097,0.6942148760330579,0.5741239892183289,0.3994974874371859,0.7874493927125507,0.813953488372093,0.8672086720867209,0.7610921501706485,0.7342419080068143,0.7277227722772277,0.9931972789115646,0.055793991416309,0.1791692344180809,3,5
2,友谊路街道,2,0.8075734157650696,0.8448275862068966,0.1428979206508135,0.5578512396694215,0.6819407008086253,0.5577889447236181,0.8441295546558705,0.875968992248062,0.7208672086720868,0.71160409556314,0.788756388415673,0.1435643564356435,0.8435374149659864,0.5278969957081545,0.2069666276780148,8,5
3,莘庄镇,3,0.8008114374034003,0.0270935960591133,0.1313004892365457,0.7128099173553719,0.7142857142857143,0.5653266331658292,1.0,0.9224806201550388,1.0,0.7866894197952219,0.8398637137989778,0.3316831683168317,0.9523809523809524,0.9098712446351932,0.2419507200461872,3,5
4,天目西路街道,4,0.7896058732612056,0.4433497536945813,0.278125434543179,0.7809917355371901,0.5283018867924528,0.5301507537688442,0.4453441295546558,0.8236434108527132,0.8130081300813008,0.8907849829351536,0.8211243611584327,0.5,0.9410430839002268,0.351931330472103,0.2970394598172675,3,1
5,天平路街道,5,0.7841962905718701,0.5049261083743842,0.2417076222778473,0.8450413223140496,0.4582210242587601,0.5175879396984925,0.3218623481781376,0.8372093023255813,0.8102981029810298,0.9129692832764504,0.8023850085178875,0.4207920792079208,1.0,0.6137339055793991,0.3741410121578796,3,1
6,新成路街道,6,0.7575347758887171,0.5689655172413793,0.1396767604505632,0.3822314049586777,0.5040431266846361,0.7788944723618091,0.6376518218623481,0.7751937984496124,0.6991869918699187,0.7440273037542662,0.8722316865417377,0.1336633663366336,0.9614512471655328,0.4463519313304721,0.1665884408242142,8,5
7,南桥镇,7,0.7098145285935085,0.0,0.0,1.0,1.0,1.0,0.3724696356275304,0.8178294573643411,0.0,1.0,1.0,0.1188118811881188,0.4829931972789116,0.4892703862660944,0.0816239473051361,9,6
8,南京东路街道,8,0.6879829984544049,0.0258620689655172,0.1949937421777221,0.4504132231404958,0.5202156334231807,0.5552763819095478,0.2793522267206478,0.7248062015503876,0.8292682926829268,0.8720136518771331,0.75809199318569,1.0,0.6235827664399093,0.8240343347639485,0.4594545759979933,3,7
9,真如镇,9,0.6794822256568779,0.0049261083743842,0.1514392991239048,0.5764462809917356,0.5741239892183289,0.4849246231155779,0.5748987854251012,0.8856589147286822,0.7425474254742548,0.8754266211604096,0.8722316865417377,0.2574257425742574,0.9047619047619048,0.3733905579399141,0.4811831532637309,1,1
10,平凉路街道,10,0.6659582689335394,0.3990147783251231,0.1223151610262828,0.621900826446281,0.4070080862533693,0.5552763819095478,0.3623481781376518,0.8158914728682171,0.6612466124661247,0.8515358361774744,0.7904599659284498,0.1138613861386138,0.8412698412698413,0.3605150214592275,0.4433413291396894,1,1
11,江苏路街道,11,0.6595826893353941,0.4150246305418719,0.2696211510638298,0.6425619834710744,0.398921832884097,0.5125628140703518,0.228744939271255,0.687984496124031,0.8482384823848238,0.7832764505119454,0.7427597955706985,0.2376237623762376,0.8004535147392291,0.4206008583690987,0.5724011989749351,1,1
12,夏阳街道,12,0.5931221020092735,0.0,0.0,0.2727272727272727,0.7439353099730459,0.6080402010050251,0.2894736842105263,0.6937984496124031,0.7560975609756098,0.8276450511945392,0.82793867120954,0.1435643564356435,0.5102040816326531,0.7124463519313304,0.0610511791402252,5,6
13,嘉兴路街道,13,0.5666537867078825,0.0073891625615763,0.1885690446808511,0.6528925619834711,0.4582210242587601,0.3768844221105528,0.2368421052631579,0.6337209302325582,0.7723577235772358,0.8481228668941979,0.8364565587734242,0.2277227722772277,0.5215419501133787,0.407725321888412,0.7982804325172955,1,1
14,山阳镇,14,0.517387944358578,0.0,0.0,0.8553719008264463,0.7223719676549866,0.371859296482412,0.1740890688259109,0.7248062015503876,0.2764227642276423,0.7696245733788396,0.817717206132879,0.0742574257425742,0.2222222222222222,0.3948497854077253,0.0225631910183346,9,6
15,五角场街道,15,0.2749227202472952,0.2463054187192118,0.1283291614518147,0.4338842975206611,0.3962264150943396,0.2010050251256281,0.020242914979757,0.2209302325581395,0.3035230352303523,0.1791808873720136,0.2572402044293015,0.0792079207920792,0.2063492063492063,0.0901287553648068,0.3340383362870757,7,8
16,徐家汇街道,16,0.2438176197836166,0.1600985221674876,0.2201983247809762,0.2913223140495868,0.339622641509434,0.1708542713567839,0.020242914979757,0.1996124031007752,0.3956639566395664,0.1160409556313993,0.1686541737649063,0.1039603960396039,0.2358276643990929,0.1545064377682403,0.3802603570825882,7,8
17,大场镇,17,0.2231452859350849,0.2955665024630542,0.0962609511889862,0.1694214876033057,0.3611859838274933,0.2386934673366834,0.082995951417004,0.2577519379844961,0.3062330623306233,0.0699658703071672,0.0936967632027257,0.0346534653465346,0.1451247165532879,0.1416309012875536,0.1957675161760676,7,8
18,长征镇,18,0.1843122102009273,0.0689655172413793,0.1159932057947434,0.2975206611570248,0.38544474393531,0.3341708542713568,0.1477732793522267,0.1395348837209302,0.2818428184281842,0.0699658703071672,0.1022146507666098,0.0198019801980198,0.1473922902494331,0.0987124463519313,0.3754838828847963,7,8
19,外滩街道,19,0.1752318392581143,0.0283251231527093,0.3415682647058823,0.128099173553719,0.2641509433962264,0.1180904522613065,0.0040485829959514,0.0910852713178294,0.2899728997289973,0.0665529010238907,0.0664395229982964,0.0693069306930693,0.0612244897959183,0.351931330472103,0.4926709342756663,7,8
20,长寿路街道,20,0.1717542503863987,0.0160098522167487,0.1368056224030037,0.1590909090909091,0.3018867924528302,0.1482412060301507,0.0445344129554655,0.1104651162790697,0.3008130081300813,0.1587030716723549,0.1482112436115843,0.0742574257425742,0.1814058956916099,0.2832618025751073,0.5314386882709958,7,8
21,江桥镇,21,0.1678902627511591,0.2118226600985221,0.1237739034292866,0.1756198347107438,0.2991913746630728,0.1105527638190954,0.0708502024291498,0.1162790697674418,0.2384823848238482,0.0784982935153583,0.0494037478705281,0.0297029702970297,0.1360544217687075,0.1072961373390558,0.1005470375589158,0,2
22,华阳路街道,22,0.1667310664605873,0.1022167487684729,0.1470362048811014,0.3264462809917355,0.2102425876010781,0.1180904522613065,0.0121457489878542,0.1472868217054263,0.2140921409214092,0.068259385665529,0.1652470187393526,0.0247524752475247,0.0634920634920634,0.0858369098712446,0.5882355282224128,7,8
23,九亭镇,23,0.1644126738794435,0.1748768472906404,0.1008760951188986,0.1838842975206611,0.2048517520215633,0.1180904522613065,0.0728744939271255,0.1492248062015503,0.2384823848238482,0.1143344709897611,0.1448040885860306,0.0148514851485148,0.1201814058956916,0.0901287553648068,0.1344776870881507,0,2
24,七宝镇,24,0.1570710973724884,0.0110837438423645,0.0668891670087609,0.2231404958677686,0.2560646900269542,0.1407035175879397,0.0951417004048583,0.1937984496124031,0.1626016260162601,0.1245733788395904,0.0954003407155025,0.0544554455445544,0.1405895691609977,0.1716738197424892,0.236940230212584,7,8
25,南京西路街道,25,0.1535935085007727,0.1280788177339901,0.2330918455569461,0.3078512396694215,0.183288409703504,0.100502512562814,0.0101214574898785,0.063953488372093,0.2005420054200542,0.0716723549488054,0.1158432708688245,0.0594059405940594,0.0929705215419501,0.1545064377682403,0.3740166161992043,7,8
26,徐泾镇,26,0.1520479134466769,0.0,0.0,0.03099173553719,0.2237196765498652,0.1055276381909547,0.0323886639676113,0.1589147286821705,0.2981029810298103,0.0887372013651877,0.0988074957410562,0.0198019801980198,0.0816326530612245,0.1158798283261802,0.054687474681281,0,2
27,南翔镇,27,0.151081916537867,0.2536945812807882,0.1259462678347934,0.1632231404958677,0.1482479784366576,0.0979899497487437,0.034412955465587,0.1085271317829457,0.1951219512195122,0.0631399317406143,0.1141396933560477,0.0544554455445544,0.0839002267573696,0.111587982832618,0.069952292867312,0,2
28,安亭镇,28,0.1464451313755795,0.1453201970443349,0.1228442332540676,0.0764462809917355,0.339622641509434,0.1633165829145728,0.0263157894736842,0.1027131782945736,0.1761517615176151,0.0819112627986348,0.0357751277683134,0.0247524752475247,0.1065759637188208,0.1587982832618025,0.0433075863895137,0,2
29,陆家嘴街道,29,0.1464451313755795,0.2906403940886699,0.3980929551939925,0.2024793388429752,0.1266846361185984,0.1055276381909547,0.0161943319838056,0.0406976744186046,0.2764227642276423,0.0665529010238907,0.0971039182282793,0.1039603960396039,0.0181405895691609,0.0472103004291845,0.2708950361283878,7,8
30,虹桥镇,30,0.1418083462132921,0.0110837438423645,0.2992629675844806,0.1652892561983471,0.2398921832884097,0.1532663316582914,0.048582995951417,0.1046511627906976,0.2005420054200542,0.1143344709897611,0.1294718909710391,0.0445544554455445,0.1995464852607709,0.0772532188841201,0.250540813248862,7,8
31,顾村镇,31,0.1358191653786707,0.0960591133004926,0.0973652963579474,0.1384297520661157,0.1752021563342318,0.329145728643216,0.0546558704453441,0.0930232558139534,0.1598915989159891,0.046075085324232,0.0545144804088586,0.0346534653465346,0.0634920634920634,0.0987124463519313,0.0954773738462959,0,2
32,五角场镇,32,0.1327279752704791,0.0665024630541872,0.1445093404255319,0.0826446280991735,0.3045822102425876,0.2512562814070351,0.0283400809716599,0.0503875968992248,0.1436314363143631,0.0597269624573378,0.0357751277683134,0.0198019801980198,0.1065759637188208,0.055793991416309,0.3327221545222164,7,8
33,虹桥街道,33,0.1313755795981452,0.0677339901477832,0.3514165434292866,0.0785123966942148,0.2722371967654987,0.2010050251256281,0.0161943319838056,0.1240310077519379,0.2249322493224932,0.0887372013651877,0.0834752981260647,0.0445544554455445,0.1156462585034013,0.0772532188841201,0.2442864064429727,2,8
34,打浦桥街道,34,0.1288639876352395,0.0554187192118226,0.158503685106383,0.0516528925619834,0.1617250673854447,0.1105527638190954,0.020242914979757,0.1686046511627907,0.1653116531165311,0.0921501706484641,0.1158432708688245,0.0297029702970297,0.1156462585034013,0.094420600858369,0.6182668288309234,2,0
35,四川北路街道,35,0.125,0.0061576354679802,0.3466833541927409,0.2376033057851239,0.2102425876010781,0.1708542713567839,0.0060728744939271,0.1395348837209302,0.2737127371273712,0.068259385665529,0.06984667802385,0.0297029702970297,0.0634920634920634,0.2532188841201717,0.6352896684956403,7,8
36,长风新村街道,36,0.124806800618238,0.0049261083743842,0.1311013767209011,0.243801652892562,0.1482479784366576,0.0979899497487437,0.0222672064777327,0.1162790697674418,0.1924119241192411,0.0665529010238907,0.059625212947189,0.0346534653465346,0.1111111111111111,0.1158798283261802,0.3364551111778147,7,8
37,朱泾镇,37,0.1188176197836167,0.0,0.0,0.152892561983471,0.2587601078167116,0.2437185929648241,0.0425101214574898,0.1782945736434108,0.1409214092140921,0.1126279863481228,0.1243611584327086,0.0198019801980198,0.0249433106575963,0.0729613733905579,0.0265647418207696,0,2
38,静安寺街道,38,0.1170788253477588,0.0899014778325123,0.2625370754693367,0.1012396694214876,0.1617250673854447,0.1331658291457286,0.0060728744939271,0.0484496124031007,0.1490514905149051,0.0392491467576791,0.0971039182282793,0.099009900990099,0.0566893424036281,0.1416309012875536,0.3080585452732434,7,8
39,广中路街道,39,0.1149536321483771,0.0073891625615763,0.1526908635794743,0.2314049586776859,0.2803234501347709,0.0904522613065326,0.0263157894736842,0.1550387596899224,0.1897018970189702,0.083617747440273,0.0868824531516184,0.0049504950495049,0.0793650793650793,0.0600858369098712,0.7017344843691962,2,0
40,彭浦镇,40,0.1105100463678516,0.0480295566502463,0.1525624979974968,0.0681818181818181,0.353099730458221,0.2060301507537688,0.034412955465587,0.1569767441860465,0.1192411924119241,0.0494880546075085,0.0408858603066439,0.0297029702970297,0.0907029478458049,0.111587982832618,0.3224748428126762,7,8
41,天山路街道,41,0.1093508500772797,0.0751231527093596,0.2346991116395494,0.1673553719008264,0.1428571428571428,0.1130653266331658,0.0040485829959514,0.0852713178294573,0.1327913279132791,0.1160409556313993,0.0834752981260647,0.0742574257425742,0.1247165532879818,0.0257510729613733,0.6433046430060065,2,0
42,石化街道,42,0.1091576506955177,0.0,0.0,0.1900826446280991,0.1859838274932614,0.0904522613065326,0.020242914979757,0.1763565891472868,0.1734417344173441,0.098976109215017,0.1226575809199318,0.0099009900990099,0.0408163265306122,0.0600858369098712,0.0371612357883835,0,2
43,朱家角镇,43,0.1083848531684698,0.0,0.0,0.0082644628099173,0.105121293800539,0.1130653266331658,0.0080971659919028,0.0484496124031007,0.1300813008130081,0.0614334470989761,0.0204429301533219,0.0297029702970297,0.0521541950113378,0.3862660944206008,0.0115026314791086,0,2
44,嘉定镇街道,44,0.1056800618238021,0.1477832512315271,0.1261994158948686,0.1363636363636363,0.0727762803234501,0.14321608040201,0.0425101214574898,0.0872093023255814,0.1490514905149051,0.068259385665529,0.0442930153321976,0.0396039603960396,0.0748299319727891,0.0987124463519313,0.3381519661523581,7,8
45,岳阳街道,45,0.1043276661514683,0.2019704433497537,0.0917610427659574,0.1880165289256198,0.1078167115902965,0.100502512562814,0.0263157894736842,0.0426356589147286,0.1571815718157181,0.0358361774744027,0.0425894378194207,0.0198019801980198,0.0408163265306122,0.0987124463519313,0.332296212670794,7,8
46,瑞金二路街道,46,0.1002704791344667,0.0381773399014778,0.2174088578222778,0.0888429752066115,0.1536388140161725,0.1105527638190954,0.0060728744939271,0.0620155038759689,0.1111111111111111,0.046075085324232,0.0766609880749574,0.0742574257425742,0.0294784580498866,0.2317596566523605,0.4228570519206702,7,8
47,新华路街道,47,0.0998840803709428,0.0480295566502463,0.2814415455569461,0.0661157024793388,0.2048517520215633,0.1959798994974874,0.0182186234817813,0.0523255813953488,0.1463414634146341,0.0494880546075085,0.0545144804088586,0.0247524752475247,0.0748299319727891,0.094420600858369,0.5534024714151146,2,8
48,新泾镇,48,0.0991112828438949,0.0344827586206896,0.2039156087609512,0.0433884297520661,0.307277628032345,0.1959798994974874,0.0283400809716599,0.1065891472868217,0.1869918699186991,0.0341296928327645,0.0323679727427597,0.0198019801980198,0.0997732426303854,0.0901287553648068,0.2051613886179906,0,2
49,真新街道,49,0.0987248840803709,0.1231527093596059,0.0959949937421777,0.0681818181818181,0.1239892183288409,0.057788944723618,0.034412955465587,0.0581395348837209,0.1436314363143631,0.083617747440273,0.0545144804088586,0.0049504950495049,0.1473922902494331,0.0472103004291845,0.3230736679101293,7,3
50,湖南路街道,50,0.097758887171561,0.084975369458128,0.2704286155193993,0.1301652892561983,0.1078167115902965,0.0678391959798995,0.0101214574898785,0.0445736434108527,0.1517615176151761,0.0443686006825938,0.0766609880749574,0.0594059405940594,0.0136054421768707,0.1630901287553648,0.3510388997519647,7,8
51,淮海中路街道,51,0.097758887171561,0.022167487684729,0.2170769016270338,0.0847107438016528,0.1805929919137466,0.1180904522613065,0.0020242914979757,0.067829457364341,0.1815718157181571,0.0699658703071672,0.100511073253833,0.099009900990099,0.0634920634920634,0.1072961373390558,0.6842643573349553,2,0
52,中山街道,52,0.0973724884080371,0.1330049261083744,0.0998702081351689,0.1033057851239669,0.2129380053908356,0.1030150753768844,0.0182186234817813,0.0484496124031007,0.1029810298102981,0.0426621160409556,0.0306643952299829,0.0247524752475247,0.0793650793650793,0.0772532188841201,0.0881140352888376,0,2
53,浦江镇,53,0.0962132921174652,0.001231527093596,0.1639549436795995,0.121900826446281,0.1509433962264151,0.1783919597989949,0.0546558704453441,0.0600775193798449,0.1517615176151761,0.0324232081911262,0.0323679727427597,0.0396039603960396,0.054421768707483,0.1630901287553648,0.0475895585761577,0,2
54,马陆镇,54,0.0946676970633694,0.0935960591133004,0.1066135300750938,0.1776859504132231,0.1401617250673854,0.1231155778894472,0.020242914979757,0.0426356589147286,0.1165311653116531,0.0426621160409556,0.0136286201022146,0.0198019801980198,0.0340136054421768,0.0987124463519313,0.050297521058897,0,2
55,盈浦街道,55,0.0933153013910355,0.0,0.0,0.0743801652892562,0.1293800539083558,0.1331658291457286,0.034412955465587,0.1492248062015503,0.2439024390243902,0.0784982935153583,0.1073253833049403,0.0148514851485148,0.0430839002267573,0.0343347639484978,0.1338252987734114,0,2
56,新虹街道,56,0.0904173106646058,0.0098522167487684,0.1199937421777221,0.0909090909090909,0.1913746630727762,0.0276381909547738,0.0445344129554655,0.0290697674418604,0.0921409214092141,0.0221843003412969,0.0306643952299829,0.0693069306930693,0.0430839002267573,0.03862660944206,0.0564841901414834,0,2
57,梅陇镇,57,0.0896445131375579,0.001231527093596,0.1576971214017521,0.0847107438016528,0.1805929919137466,0.2085427135678392,0.0506072874493927,0.0872093023255814,0.089430894308943,0.0426621160409556,0.0494037478705281,0.0495049504950495,0.0861678004535147,0.1545064377682403,0.2011850744834179,0,2
58,嘉定工业区,58,0.0879057187017001,0.1379310344827586,0.0984713034167709,0.0578512396694214,0.1159029649595687,0.1633165829145728,0.0364372469635627,0.0833333333333333,0.078590785907859,0.0238907849829351,0.0545144804088586,0.0099009900990099,0.0498866213151927,0.0472103004291845,0.0787209239595242,0,2
59,高境镇,59,0.0852009273570324,0.1391625615763546,0.1169825113266583,0.0888429752066115,0.1266846361185984,0.092964824120603,0.0445344129554655,0.1085271317829457,0.0975609756097561,0.0341296928327645,0.0289608177172061,0.0396039603960396,0.0362811791383219,0.0515021459227467,0.2975273672054808,7,3
60,田林街道,60,0.0842349304482225,0.0320197044334975,0.1258785020025031,0.0599173553719008,0.1994609164420485,0.1482412060301507,0.0161943319838056,0.0872093023255814,0.1788617886178861,0.0324232081911262,0.0340715502555366,0.0396039603960396,0.0657596371882086,0.055793991416309,0.4003656633917507,2,3
61,周家桥街道,61,0.0840417310664606,0.0554187192118226,0.1672090112640801,0.0971074380165289,0.0754716981132075,0.0527638190954773,0.0141700404858299,0.0775193798449612,0.1165311653116531,0.0563139931740614,0.0545144804088586,0.0148514851485148,0.0725623582766439,0.055793991416309,0.4819475863833882,2,3
62,曲阳路街道,62,0.0832689335394126,0.0,0.0,0.0826446280991735,0.1967654986522911,0.1557788944723618,0.020242914979757,0.0910852713178294,0.1571815718157181,0.0477815699658703,0.059625212947189,0.0099009900990099,0.0521541950113378,0.0429184549356223,0.5588498178729013,2,0
63,新桥镇,63,0.0815301391035548,0.0541871921182266,0.1241893275719649,0.0619834710743801,0.1913746630727762,0.0778894472361809,0.0546558704453441,0.0465116279069767,0.1246612466124661,0.0853242320819112,0.0323679727427597,0.0148514851485148,0.0861678004535147,0.0600858369098712,0.0721570173731903,0,2
64,佘山镇,64,0.0774729520865533,0.0591133004926108,0.1827284105131414,0.018595041322314,0.1024258760107816,0.0452261306532663,0.0040485829959514,0.0155038759689922,0.0921409214092141,0.0324232081911262,0.0034071550255536,0.0445544554455445,0.0408163265306122,0.2274678111587982,0.0187742052695781,4,2
65,大宁路街道,65,0.0772797527047913,0.0270935960591133,0.1463192627033792,0.0413223140495867,0.1617250673854447,0.1457286432160804,0.0121457489878542,0.0988372093023255,0.1355013550135501,0.0255972696245733,0.0408858603066439,0.0594059405940594,0.0680272108843537,0.0686695278969957,0.205219569078582,2,2
66,奉城镇,66,0.0767001545595054,0.0,0.0,0.1590909090909091,0.1778975741239892,0.2135678391959799,0.0182186234817813,0.1201550387596899,0.002710027100271,0.0563139931740614,0.0528109028960817,0.0099009900990099,0.0249433106575963,0.0600858369098712,0.0269129555682321,0,2
67,提篮桥街道,67,0.0765069551777434,0.0049261083743842,0.1029411764705882,0.1053719008264462,0.1778975741239892,0.0728643216080402,0.0040485829959514,0.0542635658914728,0.2195121951219512,0.046075085324232,0.0357751277683134,0.0297029702970297,0.0272108843537415,0.1158798283261802,0.5505975316002577,2,0
68,华新镇,68,0.0741885625965997,0.0,0.0,0.018595041322314,0.183288409703504,0.1206030150753768,0.0283400809716599,0.1046511627906976,0.1707317073170731,0.0597269624573378,0.0851788756388415,0.0049504950495049,0.0204081632653061,0.055793991416309,0.0534585741128003,0,2
69,奉浦社区,69,0.0738021638330757,0.0,0.0,0.1157024793388429,0.2830188679245283,0.0778894472361809,0.0141700404858299,0.1143410852713178,0.0,0.0546075085324232,0.0664395229982964,0.0099009900990099,0.0226757369614512,0.0171673819742489,0.0,0,2
70,江浦路街道,70,0.0730293663060278,0.022167487684729,0.0887220136295369,0.0661157024793388,0.1266846361185984,0.1256281407035175,0.0101214574898785,0.0775193798449612,0.1436314363143631,0.0170648464163822,0.0272572402044293,0.0049504950495049,0.0294784580498866,0.0257510729613733,0.6850967085715625,2,0
71,川沙新镇,71,0.0714837712519319,0.0369458128078817,0.2105965790988736,0.0495867768595041,0.0700808625336927,0.050251256281407,0.0425101214574898,0.0465116279069767,0.032520325203252,0.0290102389078498,0.0272572402044293,0.0643564356435643,0.0181405895691609,0.0343347639484978,0.0650447606567833,4,4
72,漕河泾街道,72,0.070904173106646,0.0123152709359605,0.1740926157697121,0.018595041322314,0.1428571428571428,0.1733668341708542,0.0242914979757085,0.0348837209302325,0.086720867208672,0.0221843003412969,0.0136286201022146,0.0247524752475247,0.0453514739229024,0.055793991416309,0.3113046501032523,4,3
73,四平路街道,73,0.0705177743431221,0.0344827586206896,0.1176917575594493,0.0723140495867768,0.0970350404312668,0.0477386934673366,0.0060728744939271,0.0852713178294573,0.1409214092140921,0.0375426621160409,0.0442930153321976,0.0148514851485148,0.0612244897959183,0.0214592274678111,0.5827256287406926,2,0
74,桃浦镇,74,0.0701313755795981,0.0098522167487684,0.1257822277847309,0.0433884297520661,0.2452830188679245,0.1507537688442211,0.0222672064777327,0.0484496124031007,0.1490514905149051,0.0187713310580204,0.0306643952299829,0.0148514851485148,0.054421768707483,0.094420600858369,0.1711967004984681,2,2
75,枫林路街道,75,0.0693585780525502,0.0073891625615763,0.0652899457697121,0.03099173553719,0.0970350404312668,0.1834170854271356,0.0040485829959514,0.0271317829457364,0.089430894308943,0.0170648464163822,0.0204429301533219,0.0247524752475247,0.0589569160997732,0.0515021459227467,0.6949491612395248,2,0
76,江宁路街道,76,0.0685857805255023,0.0270935960591133,0.2610649675844806,0.0227272727272727,0.1266846361185984,0.1080402010050251,0.020242914979757,0.0523255813953488,0.1111111111111111,0.0477815699658703,0.0306643952299829,0.0495049504950495,0.0997732426303854,0.0901287553648068,0.6776600818818249,2,0
77,杨行镇,77,0.0685857805255023,0.0517241379310344,0.1963168246558198,0.0433884297520661,0.2587601078167116,0.0778894472361809,0.0141700404858299,0.0310077519379844,0.1029810298102981,0.0477815699658703,0.0119250425894378,0.0198019801980198,0.0589569160997732,0.0343347639484978,0.0857456418785184,0,2
78,泗泾镇,78,0.0674265842349304,0.0591133004926108,0.0967876512265331,0.0599173553719008,0.0781671159029649,0.092964824120603,0.0242914979757085,0.0542635658914728,0.1598915989159891,0.0255972696245733,0.0477001703577512,0.0049504950495049,0.0498866213151927,0.0472103004291845,0.0657839075367869,0,2
79,斜土路街道,79,0.0668469860896445,0.0357142857142857,0.1608476112640801,0.0454545454545454,0.1266846361185984,0.1130653266331658,0.0263157894736842,0.0290697674418604,0.1192411924119241,0.0375426621160409,0.0442930153321976,0.0445544554455445,0.0680272108843537,0.0515021459227467,0.3624805960665149,2,3
80,北站街道,80,0.0635625965996908,0.0197044334975369,0.2482008760951189,0.0929752066115702,0.1266846361185984,0.0326633165829145,0.0161943319838056,0.0329457364341085,0.08130081300813,0.0187713310580204,0.0119250425894378,0.0643564356435643,0.0204081632653061,0.0815450643776824,0.73703375552221,2,0
81,大桥街道,81,0.0629829984544049,0.0603448275862069,0.1075068325156445,0.0433884297520661,0.1509433962264151,0.1306532663316583,0.0161943319838056,0.0271317829457364,0.1138211382113821,0.0290102389078498,0.0221465076660988,0.0198019801980198,0.0362811791383219,0.0686695278969957,0.4714428867120819,2,3
82,枫泾镇,82,0.062210200927357,0.0,0.0,0.1136363636363636,0.1239892183288409,0.0904522613065326,0.0060728744939271,0.0329457364341085,0.089430894308943,0.0563139931740614,0.0425894378194207,0.0099009900990099,0.0068027210884353,0.1459227467811159,0.0149991132134535,0,2
83,半淞园路街道,83,0.0614374034003091,0.0049261083743842,0.60450563204005,0.0082644628099173,0.169811320754717,0.100502512562814,0.0242914979757085,0.1065891472868217,0.1029810298102981,0.0324232081911262,0.0102214650766609,0.0396039603960396,0.0589569160997732,0.0472103004291845,0.5230887658739225,2,9
84,赵巷镇,84,0.0604714064914992,0.0024630541871921,0.2152690863579474,0.1632231404958677,0.091644204851752,0.0854271356783919,0.0222672064777327,0.0465116279069767,0.1382113821138211,0.0238907849829351,0.0340715502555366,0.0198019801980198,0.0204081632653061,0.03862660944206,0.0335216601457242,4,2
85,周浦镇,85,0.0585394126738794,0.0541871921182266,0.1923995903629536,0.0330578512396694,0.105121293800539,0.0477386934673366,0.0242914979757085,0.0465116279069767,0.059620596205962,0.0204778156996587,0.0545144804088586,0.0396039603960396,0.0340136054421768,0.0128755364806866,0.0574179507059191,4,4
86,淞南镇,86,0.0577666151468315,0.0295566502463054,0.0704005006257822,0.0495867768595041,0.1590296495956873,0.0603015075376884,0.0263157894736842,0.0155038759689922,0.084010840108401,0.0546075085324232,0.0051107325383304,0.0396039603960396,0.1111111111111111,0.0686695278969957,0.1494832747038864,0,2
87,潍坊新村街道,87,0.0575734157650695,0.0541871921182266,0.2375981340425532,0.0702479338842975,0.059299191374663,0.0778894472361809,0.0121457489878542,0.0348837209302325,0.1653116531165311,0.0375426621160409,0.0477001703577512,0.0198019801980198,0.0249433106575963,0.0085836909871244,0.4460253719398532,2,3
88,金山卫镇,88,0.0568006182380216,0.0,0.0,0.0619834710743801,0.2803234501347709,0.0904522613065326,0.0020242914979757,0.0813953488372093,0.051490514905149,0.0358361774744027,0.0477001703577512,0.0049504950495049,0.0113378684807256,0.0257510729613733,0.0219618030777271,0,2
89,欧阳路街道,89,0.0560278207109737,0.0024630541871921,0.130162703379224,0.0454545454545454,0.1105121293800539,0.0804020100502512,0.0080971659919028,0.065891472868217,0.1056910569105691,0.0392491467576791,0.0425894378194207,0.0148514851485148,0.0521541950113378,0.0343347639484978,0.7287872139987425,2,0
90,三林镇,90,0.0556414219474497,0.0332512315270936,0.2307977564455569,0.0413223140495867,0.1185983827493261,0.0678391959798995,0.0708502024291498,0.0426356589147286,0.065040650406504,0.0409556313993174,0.0289608177172061,0.0198019801980198,0.0657596371882086,0.0085836909871244,0.1758137158960517,4,3
91,江川路街道,91,0.0554482225656877,0.0,0.0,0.0433884297520661,0.1266846361185984,0.0854271356783919,0.0364372469635627,0.0251937984496124,0.048780487804878,0.0409556313993174,0.0221465076660988,0.0346534653465346,0.0612244897959183,0.1030042918454935,0.1266323291172832,4,2
92,香花桥街道,92,0.0548686244204018,0.0,0.0,0.006198347107438,0.1994609164420485,0.1457286432160804,0.0161943319838056,0.0620155038759689,0.1300813008130081,0.0290102389078498,0.0238500851788756,0.0,0.0204081632653061,0.0429184549356223,0.0252323899622646,0,2
93,江湾镇街道,93,0.0540958268933539,0.0,0.0,0.0516528925619834,0.1725067385444744,0.0954773869346733,0.0161943319838056,0.0736434108527131,0.1084010840108401,0.0238907849829351,0.0221465076660988,0.0049504950495049,0.0317460317460317,0.0686695278969957,0.5063612834330895,2,3
94,仙霞新村街道,94,0.0539026275115919,0.0467980295566502,0.2559449311639549,0.0557851239669421,0.0700808625336927,0.0753768844221105,0.0080971659919028,0.0484496124031007,0.070460704607046,0.0324232081911262,0.0323679727427597,0.0148514851485148,0.0498866213151927,0.0214592274678111,0.6178778059203465,2,0
95,华漕镇,95,0.053323029366306,0.001231527093596,1.0,0.0206611570247933,0.0727762803234501,0.3115577889447236,0.0080971659919028,0.0174418604651162,0.059620596205962,0.0068259385665529,0.0136286201022146,0.0198019801980198,0.0272108843537415,0.0472103004291845,0.1141232217847218,4,9
96,曹家渡街道,96,0.052936630602782,0.0233990147783251,0.1502536065081351,0.0268595041322314,0.0727762803234501,0.0954773869346733,0.0101214574898785,0.0755813953488372,0.1138211382113821,0.0392491467576791,0.0272572402044293,0.0148514851485148,0.0453514739229024,0.055793991416309,0.800477747916998,2,0
97,凉城新村街道,97,0.0510046367851622,0.0,0.0,0.0619834710743801,0.1563342318059299,0.0728643216080402,0.0161943319838056,0.0872093023255814,0.067750677506775,0.0341296928327645,0.0477001703577512,0.0,0.0249433106575963,0.0171673819742489,0.5025122194465691,2,3
98,罗店镇,98,0.0506182380216383,0.0615763546798029,0.0877096370463078,0.03099173553719,0.0727762803234501,0.0879396984924623,0.0364372469635627,0.0135658914728682,0.051490514905149,0.0324232081911262,0.0119250425894378,0.0148514851485148,0.0453514739229024,0.0901287553648068,0.0441853787539019,4,4
99,古美街道,99,0.0500386398763523,0.001231527093596,0.2590738423028786,0.0289256198347107,0.0512129380053908,0.092964824120603,0.034412955465587,0.0251937984496124,0.056910569105691,0.083617747440273,0.0323679727427597,0.0,0.1065759637188208,0.03862660944206,0.4004389570844202,2,3
100,五里桥街道,100,0.0496522411128284,0.001231527093596,0.3992490613266583,0.0144628099173553,0.1212938005390835,0.100502512562814,0.0060728744939271,0.0813953488372093,0.1029810298102981,0.0324232081911262,0.0170357751277683,0.0099009900990099,0.0748299319727891,0.0686695278969957,0.443372624110329,2,3
101,共和新路街道,101,0.0492658423493044,0.0197044334975369,0.1494055068836045,0.0557851239669421,0.0970350404312668,0.0904522613065326,0.0222672064777327,0.0503875968992248,0.075880758807588,0.0119453924914675,0.0153321976149914,0.0099009900990099,0.0589569160997732,0.0472103004291845,0.5943709527021162,2,0
102,张庙街道,102,0.0488794435857805,0.0763546798029556,0.1066655900500625,0.03099173553719,0.0862533692722372,0.0954773869346733,0.0121457489878542,0.0445736434108527,0.073170731707317,0.0238907849829351,0.0187393526405451,0.0049504950495049,0.0226757369614512,0.0171673819742489,0.5991381645201921,2,0
103,程家桥街道,103,0.0486862442040185,0.0147783251231527,0.5731122236545683,0.0289256198347107,0.1590296495956873,0.0653266331658291,0.0141700404858299,0.0213178294573643,0.037940379403794,0.0102389078498293,0.0136286201022146,0.0,0.0430839002267573,0.055793991416309,0.0516817055315625,4,9
104,高行镇,104,0.0469474497681607,0.0135467980295566,0.1405165548185231,0.0144628099173553,0.137466307277628,0.1055276381909547,0.0242914979757085,0.0348837209302325,0.010840108401084,0.0477815699658703,0.0204429301533219,0.0247524752475247,0.0975056689342403,0.0128755364806866,0.1015128339248489,4,4
105,石门二路街道,105,0.0465610510046367,0.0246305418719211,0.2047559449311639,0.0495867768595041,0.0997304582210242,0.0402010050251256,0.0020242914979757,0.0077519379844961,0.0975609756097561,0.0221843003412969,0.0255536626916524,0.0396039603960396,0.0430839002267573,0.0643776824034334,0.5320465004632664,2,3
106,石泉路街道,106,0.0459814528593508,0.0049261083743842,0.0750938673341677,0.0475206611570247,0.0700808625336927,0.1281407035175879,0.0080971659919028,0.0251937984496124,0.070460704607046,0.0511945392491467,0.0051107325383304,0.0099009900990099,0.0612244897959183,0.055793991416309,0.5694542212678786,2,0
107,庙行镇,107,0.0450154559505409,0.0615763546798029,0.1283103879849812,0.0371900826446281,0.0485175202156334,0.0351758793969849,0.0121457489878542,0.0329457364341085,0.048780487804878,0.0529010238907849,0.0289608177172061,0.0148514851485148,0.054421768707483,0.0472103004291845,0.2487380086826871,2,3
108,北蔡镇,108,0.044629057187017,0.0344827586206896,0.1363311281602002,0.0392561983471074,0.1105121293800539,0.0778894472361809,0.0445344129554655,0.0290697674418604,0.037940379403794,0.0255972696245733,0.0323679727427597,0.0148514851485148,0.0340136054421768,0.0085836909871244,0.205521136210197,4,3
109,芷江西路街道,109,0.044435857805255,0.0036945812807881,0.2332081768460575,0.0103305785123966,0.1185983827493261,0.1683417085427135,0.0080971659919028,0.0329457364341085,0.035230352303523,0.0085324232081911,0.0051107325383304,0.0,0.0362811791383219,0.0772532188841201,0.7853140024272954,2,0
110,定海路街道,110,0.044242658423493,0.0184729064039408,0.1266583229036295,0.0826446280991735,0.1347708894878706,0.0753768844221105,0.0161943319838056,0.0348837209302325,0.048780487804878,0.0136518771331058,0.0017035775127768,0.0099009900990099,0.0430839002267573,0.03862660944206,0.2666287534946067,2,3
111,小东门街道,111,0.044049459041731,0.0086206896551724,0.399427856195244,0.024793388429752,0.1428571428571428,0.0527638190954773,0.0040485829959514,0.0348837209302325,0.084010840108401,0.0324232081911262,0.0102214650766609,0.0495049504950495,0.0204081632653061,0.1201716738197424,0.4741987175697133,2,3
112,亭林镇,112,0.043856259659969,0.0,0.0,0.0413223140495867,0.169811320754717,0.0653266331658291,0.0020242914979757,0.0852713178294573,0.051490514905149,0.0324232081911262,0.0306643952299829,0.0049504950495049,0.0022675736961451,0.0429184549356223,0.0268942638831476,6,4
113,新江湾城街道,113,0.0428902627511591,0.0184729064039408,0.1276595744680851,0.0433884297520661,0.0808625336927223,0.0301507537688442,0.0242914979757085,0.065891472868217,0.08130081300813,0.0204778156996587,0.0204429301533219,0.0148514851485148,0.0566893424036281,0.0257510729613733,0.0515735220531149,2,4
114,殷行街道,114,0.0425038639876352,0.0246305418719211,0.0994367959949937,0.0289256198347107,0.0862533692722372,0.1180904522613065,0.020242914979757,0.0406976744186046,0.059620596205962,0.0221843003412969,0.0119250425894378,0.0099009900990099,0.0362811791383219,0.0472103004291845,0.3357677072392833,4,3
115,菊园新区,115,0.0411514683153013,0.0566502463054187,0.1142188605381727,0.0330578512396694,0.0727762803234501,0.0402010050251256,0.0040485829959514,0.0348837209302325,0.056910569105691,0.0170648464163822,0.0204429301533219,0.0049504950495049,0.0317460317460317,0.0515021459227467,0.0536786553420724,4,4
116,颛桥镇,116,0.0409582689335394,0.0,0.0,0.0516528925619834,0.0619946091644204,0.0703517587939698,0.0526315789473684,0.0271317829457364,0.037940379403794,0.015358361774744,0.0153321976149914,0.0346534653465346,0.0385487528344671,0.0686695278969957,0.1251183945997642,6,4
117,控江路街道,117,0.0401854714064914,0.0123152709359605,0.1202753441802252,0.018595041322314,0.0808625336927223,0.1407035175879397,0.0222672064777327,0.0155038759689922,0.086720867208672,0.0119453924914675,0.0323679727427597,0.0247524752475247,0.0226757369614512,0.0128755364806866,0.8197348141741776,2,0
118,宜川路街道,118,0.0401854714064914,0.001231527093596,0.0413016270337922,0.0413223140495867,0.0943396226415094,0.0628140703517587,0.0263157894736842,0.0348837209302325,0.1084010840108401,0.0170648464163822,0.0170357751277683,0.0,0.0476190476190476,0.0128755364806866,0.8314047027550897,2,0
119,金杨新村街道,119,0.0399922720247295,0.041871921182266,0.1843480821026283,0.0330578512396694,0.0673854447439353,0.1030150753768844,0.0303643724696356,0.0290697674418604,0.043360433604336,0.0119453924914675,0.0323679727427597,0.0148514851485148,0.0204081632653061,0.0,0.4282120175065462,4,3
120,塘桥街道,120,0.0397990726429675,0.0394088669950738,0.1622340425531915,0.0578512396694214,0.0377358490566037,0.0728643216080402,0.020242914979757,0.0251937984496124,0.0921409214092141,0.0187713310580204,0.0068143100511073,0.0148514851485148,0.0408163265306122,0.0042918454935622,0.335300197368197,2,3
121,豫园街道,121,0.0392194744976816,0.001231527093596,0.1652065081351689,0.0206611570247933,0.1159029649595687,0.0326633165829145,0.0060728744939271,0.0542635658914728,0.043360433604336,0.0119453924914675,0.0153321976149914,0.0396039603960396,0.0272108843537415,0.1201716738197424,0.8473368709445132,2,0
122,青村镇,122,0.0386398763523956,0.0,0.0,0.0640495867768595,0.105121293800539,0.0854271356783919,0.0121457489878542,0.065891472868217,0.0,0.0187713310580204,0.0306643952299829,0.0148514851485148,0.0113378684807256,0.0686695278969957,0.0203988947637658,6,4
123,甘泉路街道,123,0.0380602782071097,0.0024630541871921,0.0475594493116395,0.0433884297520661,0.0970350404312668,0.0753768844221105,0.0141700404858299,0.0251937984496124,0.05420054200542,0.0238907849829351,0.0136286201022146,0.0099009900990099,0.0702947845804988,0.0300429184549356,0.7912736832503348,2,0
124,洋泾街道,124,0.0380602782071097,0.0098522167487684,0.0985607008760951,0.0330578512396694,0.045822102425876,0.0804020100502512,0.0283400809716599,0.0310077519379844,0.043360433604336,0.0580204778156996,0.0238500851788756,0.0148514851485148,0.0498866213151927,0.0128755364806866,0.3269359006784593,2,3
125,康桥镇,125,0.0376738794435857,0.022167487684729,0.1326658322903629,0.0082644628099173,0.0970350404312668,0.0251256281407035,0.0283400809716599,0.0232558139534883,0.032520325203252,0.015358361774744,0.0170357751277683,0.0099009900990099,0.0362811791383219,0.0042918454935622,0.070043759807033,4,4
126,康健新村街道,126,0.0370942812982998,0.0024630541871921,0.2108886107634543,0.006198347107438,0.0781671159029649,0.0804020100502512,0.0141700404858299,0.0465116279069767,0.048780487804878,0.0068259385665529,0.0085178875638841,0.0099009900990099,0.0408163265306122,0.0600858369098712,0.4103727142811736,2,3
127,吴淞街道,127,0.0370942812982998,0.0320197044334975,0.1127370751939925,0.0227272727272727,0.0646900269541779,0.0653266331658291,0.0141700404858299,0.0213178294573643,0.067750677506775,0.0273037542662116,0.0034071550255536,0.0,0.0430839002267573,0.0815450643776824,0.1828580703562943,4,4
128,老西门街道,128,0.0369010819165378,0.0049261083743842,0.0829161451814768,0.0020661157024793,0.0835579514824797,0.0653266331658291,0.0161943319838056,0.0426356589147286,0.0975609756097561,0.0102389078498293,0.0289608177172061,0.0,0.0362811791383219,0.03862660944206,1.0,2,0
129,上海市奉贤区海湾旅游区,129,0.0365146831530139,0.0,0.0,0.0144628099173553,0.0512129380053908,0.0175879396984924,0.0080971659919028,0.0581395348837209,0.0,0.0170648464163822,0.0136286201022146,0.0,0.0204081632653061,0.1030042918454935,0.0081985144905852,6,4
130,张江高科技园区,130,0.0340030911901081,0.0541871921182266,0.1743087951188986,0.0289256198347107,0.0215633423180593,0.0427135678391959,0.0566801619433198,0.0213178294573643,0.035230352303523,0.015358361774744,0.0136286201022146,0.0247524752475247,0.0340136054421768,0.0085836909871244,0.0248664200881796,4,4
131,金汇镇,131,0.0334234930448222,0.0,0.0,0.0557851239669421,0.091644204851752,0.0653266331658291,0.0080971659919028,0.0503875968992248,0.002710027100271,0.0238907849829351,0.0187393526405451,0.0198019801980198,0.0068027210884353,0.0686695278969957,0.0249068465186891,6,4
132,永丰街道,132,0.0334234930448222,0.0394088669950738,0.1282853566958698,0.0413223140495867,0.0566037735849056,0.0703517587939698,0.0141700404858299,0.0310077519379844,0.048780487804878,0.0119453924914675,0.0017035775127768,0.0099009900990099,0.0181405895691609,0.0343347639484978,0.0635372551582785,4,4
133,月浦镇,133,0.0330370942812982,0.022167487684729,0.0962314003629537,0.0206611570247933,0.0512129380053908,0.1256281407035175,0.020242914979757,0.0135658914728682,0.037940379403794,0.0102389078498293,0.0034071550255536,0.0049504950495049,0.0408163265306122,0.0643776824034334,0.044272959527704,4,4
134,惠南镇,134,0.0324574961360123,0.022167487684729,0.1677096370463079,0.0330578512396694,0.0404312668463611,0.050251256281407,0.034412955465587,0.0348837209302325,0.046070460704607,0.0119453924914675,0.0153321976149914,0.0396039603960396,0.0045351473922902,0.0042918454935622,0.0536609295013464,4,4
135,龙华街道,135,0.0322642967542503,0.0061576354679802,0.1389236545682102,0.0103305785123966,0.091644204851752,0.0452261306532663,0.0121457489878542,0.0096899224806201,0.029810298102981,0.0187713310580204,0.0136286201022146,0.0445544554455445,0.0476190476190476,0.0901287553648068,0.2329525589123914,2,3
136,海湾镇,136,0.0320710973724884,0.0,0.0,0.0144628099173553,0.045822102425876,0.0829145728643216,0.0101214574898785,0.0813953488372093,0.0,0.0290102389078498,0.0085178875638841,0.0148514851485148,0.0158730158730158,0.0472103004291845,0.0038868829768103,6,4
137,车墩镇,137,0.0309119010819165,0.0098522167487684,0.1323529411764706,0.0144628099173553,0.0727762803234501,0.1733668341708542,0.0020242914979757,0.003875968992248,0.013550135501355,0.0102389078498293,0.0,0.0148514851485148,0.0136054421768707,0.0515021459227467,0.0559831185291575,4,4
138,曹杨新村街道,138,0.0301391035548686,0.0049261083743842,0.0356695869837296,0.024793388429752,0.0781671159029649,0.0778894472361809,0.0161943319838056,0.0213178294573643,0.067750677506775,0.0085324232081911,0.0085178875638841,0.0049504950495049,0.0317460317460317,0.0171673819742489,0.782601448497816,2,0
139,祝桥镇,139,0.0301391035548686,0.0197044334975369,0.0869837296620776,0.0537190082644628,0.0539083557951482,0.0150753768844221,0.0242914979757085,0.001937984496124,0.010840108401084,0.0051194539249146,0.0017035775127768,0.0148514851485148,0.0068027210884353,0.0128755364806866,0.0069399902452796,6,4
140,周家渡街道,140,0.0291731066460587,0.0246305418719211,0.3827284105131414,0.0516528925619834,0.0377358490566037,0.0251256281407035,0.0141700404858299,0.0193798449612403,0.043360433604336,0.0102389078498293,0.0136286201022146,0.0693069306930693,0.0204081632653061,0.0128755364806866,0.4134450035882316,2,3
141,白鹤镇,141,0.0287867078825347,0.0,0.0,0.006198347107438,0.0673854447439353,0.0979899497487437,0.0080971659919028,0.0387596899224806,0.032520325203252,0.0341296928327645,0.0153321976149914,0.0,0.0068027210884353,0.0472103004291845,0.0261754740934985,6,4
142,凌云路街道,142,0.0285935085007728,0.0,0.0,0.0041322314049586,0.0404312668463611,0.0603015075376884,0.0263157894736842,0.0755813953488372,0.037940379403794,0.0221843003412969,0.0017035775127768,0.0594059405940594,0.0158730158730158,0.0171673819742489,0.504620898578211,2,3
143,延吉新村街道,143,0.0285935085007728,0.0110837438423645,0.0859407592866082,0.0206611570247933,0.0377358490566037,0.0427135678391959,0.0101214574898785,0.0213178294573643,0.035230352303523,0.0170648464163822,0.0034071550255536,0.0049504950495049,0.0634920634920634,0.0214592274678111,0.7655801910376107,2,0
144,北新泾街道,144,0.0284003091190108,0.0086206896551724,0.0804577150062578,0.0268595041322314,0.0566037735849056,0.0603015075376884,0.0121457489878542,0.0310077519379844,0.043360433604336,0.0170648464163822,0.0204429301533219,0.0049504950495049,0.0113378684807256,0.0300429184549356,0.5369185821545559,2,3
145,徐行镇,145,0.0284003091190108,0.0123152709359605,0.0933667083854818,0.0144628099173553,0.0862533692722372,0.0628140703517587,0.0060728744939271,0.0155038759689922,0.043360433604336,0.015358361774744,0.0017035775127768,0.0,0.0204081632653061,0.094420600858369,0.0267880954309064,6,4
146,虹梅路街道,146,0.0278207109737248,0.0123152709359605,0.0986232790988735,0.0206611570247933,0.0781671159029649,0.0653266331658291,0.0020242914979757,0.0096899224806201,0.059620596205962,0.0051194539249146,0.0102214650766609,0.0198019801980198,0.0045351473922902,0.0300429184549356,0.2891780145205319,4,3
147,长桥街道,147,0.0278207109737248,0.0036945812807881,0.130162703379224,0.0020661157024793,0.0539083557951482,0.092964824120603,0.0182186234817813,0.0135658914728682,0.02710027100271,0.0119453924914675,0.0085178875638841,0.0,0.0408163265306122,0.0257510729613733,0.3367841342863143,4,3
148,宝山路街道,148,0.0276275115919629,0.0086206896551724,0.1196138029662077,0.0289256198347107,0.0673854447439353,0.0678391959798995,0.0161943319838056,0.0155038759689922,0.035230352303523,0.015358361774744,0.0068143100511073,0.0049504950495049,0.0340136054421768,0.03862660944206,0.826077038913632,2,0
149,彭浦新村街道,149,0.0270479134466769,0.0147783251231527,0.1278681685857321,0.012396694214876,0.0323450134770889,0.0804020100502512,0.0161943319838056,0.0271317829457364,0.05420054200542,0.0068259385665529,0.0085178875638841,0.0,0.0136054421768707,0.0128755364806866,0.7925364134842727,2,0
150,浦兴路街道,150,0.026275115919629,0.0098522167487684,0.1561326658322903,0.012396694214876,0.0296495956873315,0.0628140703517587,0.0222672064777327,0.0542635658914728,0.029810298102981,0.0119453924914675,0.0136286201022146,0.0099009900990099,0.0249433106575963,0.0042918454935622,0.4700799138068033,2,3
151,吴泾镇,151,0.0253091190108191,0.001231527093596,0.1314142678347934,0.018595041322314,0.0215633423180593,0.0201005025125628,0.0182186234817813,0.0193798449612403,0.02710027100271,0.0119453924914675,0.0051107325383304,0.0297029702970297,0.0226757369614512,0.0257510729613733,0.0581150996387012,4,4
152,金山工业区,152,0.0241499227202472,0.0,0.0,0.0289256198347107,0.0566037735849056,0.0301507537688442,0.0040485829959514,0.0387596899224806,0.059620596205962,0.0238907849829351,0.0272572402044293,0.0049504950495049,0.0,0.0085836909871244,0.0,6,4
153,上钢新村街道,153,0.0235703245749613,0.0295566502463054,0.1435127242803504,0.012396694214876,0.0269541778975741,0.0251256281407035,0.0141700404858299,0.0290697674418604,0.02710027100271,0.0102389078498293,0.0085178875638841,0.0495049504950495,0.0204081632653061,0.0085836909871244,0.2386552216307756,2,3
154,漕河泾新兴技术开发区,154,0.0231839258114374,0.0049261083743842,0.2268460575719649,0.0144628099173553,0.091644204851752,0.0402010050251256,0.0040485829959514,0.0135658914728682,0.05420054200542,0.0068259385665529,0.0085178875638841,0.0049504950495049,0.0158730158730158,0.0214592274678111,0.0143072135740015,4,4
155,东明路街道,155,0.0231839258114374,0.022167487684729,0.1443471005006258,0.018595041322314,0.0242587601078167,0.0402010050251256,0.0283400809716599,0.0232558139534883,0.035230352303523,0.0119453924914675,0.0119250425894378,0.0099009900990099,0.0204081632653061,0.0042918454935622,0.4078341046295851,4,3
156,临汾路街道,156,0.0227975270479134,0.0086206896551724,0.0763454317897371,0.006198347107438,0.0835579514824797,0.0778894472361809,0.0121457489878542,0.001937984496124,0.043360433604336,0.0051194539249146,0.0085178875638841,0.0,0.0226757369614512,0.0128755364806866,0.6060862297921976,2,0
157,廊下镇,157,0.0218315301391035,0.0,0.0,0.0144628099173553,0.0215633423180593,0.0326633165829145,0.0020242914979757,0.0116279069767441,0.018970189701897,0.0375426621160409,0.0068143100511073,0.0,0.0,0.0300429184549356,0.0118452307956251,6,4
158,金泽镇,158,0.0212519319938176,0.0,0.0,0.0020661157024793,0.0431266846361186,0.0427135678391959,0.0020242914979757,0.0406976744186046,0.029810298102981,0.0068259385665529,0.0034071550255536,0.0049504950495049,0.0045351473922902,0.0858369098712446,0.0104278129318846,6,4
159,庄行镇,159,0.0212519319938176,0.0,0.0,0.0206611570247933,0.0539083557951482,0.0452261306532663,0.0040485829959514,0.0387596899224806,0.0,0.0255972696245733,0.0153321976149914,0.0,0.0090702947845804,0.0429184549356223,0.0148945932027342,6,4
160,柘林镇,160,0.0210587326120556,0.0,0.0,0.0165289256198347,0.0781671159029649,0.057788944723618,0.0040485829959514,0.0193798449612403,0.0,0.0068259385665529,0.0221465076660988,0.0148514851485148,0.0136054421768707,0.03862660944206,0.009453696278156,6,4
161,金海社区,161,0.0206723338485316,0.0,0.0,0.012396694214876,0.045822102425876,0.0150753768844221,0.0080971659919028,0.0310077519379844,0.0,0.0187713310580204,0.0170357751277683,0.0,0.0204081632653061,0.0257510729613733,0.0,6,4
162,莘庄工业区,162,0.0206723338485316,0.0024630541871921,0.1489361702127659,0.0082644628099173,0.0943396226415094,0.0150753768844221,0.0303643724696356,0.003875968992248,0.037940379403794,0.0068259385665529,0.0051107325383304,0.0049504950495049,0.0226757369614512,0.0257510729613733,0.062182546291978,4,4
163,吕巷镇,163,0.0204791344667697,0.0,0.0,0.0144628099173553,0.0566037735849056,0.0276381909547738,0.0,0.0213178294573643,0.029810298102981,0.0358361774744027,0.0170357751277683,0.0,0.0022675736961451,0.0472103004291845,0.0148562513739547,6,4
164,新场镇,164,0.0202859350850077,0.0024630541871921,0.1451814768460576,0.0082644628099173,0.0161725067385444,0.1809045226130653,0.0121457489878542,0.001937984496124,0.0,0.0068259385665529,0.0017035775127768,0.0049504950495049,0.0,0.0128755364806866,0.0262706588605999,4,4
165,练塘镇,165,0.0200927357032457,0.0,0.0,0.0,0.0619946091644204,0.0753768844221105,0.0080971659919028,0.0251937984496124,0.016260162601626,0.0051194539249146,0.0068143100511073,0.0099009900990099,0.0,0.0600858369098712,0.0121490389605252,6,4
166,四团镇,166,0.0200927357032457,0.0,0.0,0.0454545454545454,0.0539083557951482,0.0552763819095477,0.0040485829959514,0.0329457364341085,0.0,0.0068259385665529,0.0136286201022146,0.0,0.0022675736961451,0.0300429184549356,0.0185044026357105,6,4
167,洞泾镇,167,0.0191267387944358,0.0123152709359605,0.1814768460575719,0.0082644628099173,0.059299191374663,0.0226130653266331,0.0060728744939271,0.003875968992248,0.048780487804878,0.0034129692832764,0.0,0.0049504950495049,0.0294784580498866,0.0128755364806866,0.0393181060710187,4,4
168,金桥经济技术开发区,168,0.0191267387944358,0.0270935960591133,0.2570258277847309,0.0206611570247933,0.0512129380053908,0.0376884422110552,0.0080971659919028,0.003875968992248,0.032520325203252,0.0017064846416382,0.0102214650766609,0.0148514851485148,0.0045351473922902,0.0042918454935622,0.0054237810632294,4,4
169,张堰镇,169,0.0189335394126738,0.0,0.0,0.0227272727272727,0.0269541778975741,0.0376884422110552,0.0,0.0348837209302325,0.024390243902439,0.0290102389078498,0.0153321976149914,0.0,0.0022675736961451,0.0300429184549356,0.0177835884537876,6,4
170,松江工业区,170,0.0187403400309119,0.0270935960591133,0.1654340653316646,0.012396694214876,0.0889487870619946,0.0125628140703517,0.0,0.0174418604651162,0.037940379403794,0.0017064846416382,0.0,0.0049504950495049,0.0022675736961451,0.0171673819742489,0.0256721842956226,4,4
171,张江镇,171,0.0187403400309119,0.0098522167487684,0.1683354192740926,0.0041322314049586,0.0080862533692722,0.0301507537688442,0.0101214574898785,0.0251937984496124,0.043360433604336,0.0136518771331058,0.0068143100511073,0.0148514851485148,0.0249433106575963,0.0257510729613733,0.0852414978998604,4,4
172,华泾镇,172,0.0185471406491499,0.001231527093596,0.0913642052565707,0.0103305785123966,0.0512129380053908,0.0603015075376884,0.0080971659919028,0.0174418604651162,0.032520325203252,0.0119453924914675,0.0017035775127768,0.0,0.0090702947845804,0.0171673819742489,0.1543861886228396,4,4
173,金桥镇,173,0.0185471406491499,0.0172413793103448,0.209368853942428,0.012396694214876,0.0215633423180593,0.0552763819095477,0.0141700404858299,0.0174418604651162,0.008130081300813,0.0085324232081911,0.0153321976149914,0.0247524752475247,0.0113378684807256,0.0,0.1055921606483217,4,4
174,唐镇,174,0.0185471406491499,0.0024630541871921,0.1251564455569462,0.0103305785123966,0.0323450134770889,0.0326633165829145,0.020242914979757,0.0077519379844961,0.051490514905149,0.0085324232081911,0.0085178875638841,0.0148514851485148,0.0158730158730158,0.0042918454935622,0.0759572325786181,4,4
175,漕泾镇,175,0.0168083462132921,0.001231527093596,0.146433041301627,0.0103305785123966,0.0566037735849056,0.0402010050251256,0.0020242914979757,0.0213178294573643,0.02710027100271,0.0221843003412969,0.0017035775127768,0.0,0.0022675736961451,0.0171673819742489,0.0087036793363987,4,4
176,南汇新城镇,176,0.0166151468315301,0.0098522167487684,0.2090112640801001,0.0082644628099173,0.0188679245283018,0.0050251256281407,0.0080971659919028,0.003875968992248,0.008130081300813,0.0051194539249146,0.0051107325383304,0.0198019801980198,0.0068027210884353,0.0214592274678111,0.0,4,4
177,重固镇,177,0.0160355486862442,0.0,0.0,0.0041322314049586,0.0431266846361186,0.0301507537688442,0.0060728744939271,0.0251937984496124,0.024390243902439,0.0136518771331058,0.0068143100511073,0.0099009900990099,0.0068027210884353,0.0429184549356223,0.0272022011711202,6,4
178,外冈镇,178,0.0158423493044822,0.0073891625615763,0.1885690446808511,0.0,0.0512129380053908,0.0326633165829145,0.0040485829959514,0.001937984496124,0.024390243902439,0.0051194539249146,0.0,0.0,0.0136054421768707,0.0429184549356223,0.0264227342372549,4,4
179,长白新村街道,179,0.0156491499227202,0.0049261083743842,0.0506883604505632,0.006198347107438,0.0215633423180593,0.0954773869346733,0.0020242914979757,0.0077519379844961,0.024390243902439,0.0,0.0034071550255536,0.0,0.0158730158730158,0.0171673819742489,0.3818497967101468,4,3
180,马桥镇,180,0.0137171561051004,0.0,0.0,0.0082644628099173,0.0188679245283018,0.0175879396984924,0.0080971659919028,0.0096899224806201,0.02710027100271,0.0119453924914675,0.0034071550255536,0.0049504950495049,0.0181405895691609,0.0600858369098712,0.0447883940612404,6,4
181,南码头路街道,181,0.0135239567233384,0.0049261083743842,0.1545682102628285,0.0041322314049586,0.0188679245283018,0.0376884422110552,0.0222672064777327,0.0077519379844961,0.016260162601626,0.0051194539249146,0.0119250425894378,0.0,0.0113378684807256,0.0085836909871244,0.4147552608027683,4,3
182,高桥镇,182,0.0117851622874806,0.0098522167487684,0.1231226533166458,0.0082644628099173,0.0269541778975741,0.0201005025125628,0.0182186234817813,0.005813953488372,0.005420054200542,0.0034129692832764,0.0017035775127768,0.0099009900990099,0.0136054421768707,0.0085836909871244,0.0727454137306896,4,4
183,沪东新村街道,183,0.0117851622874806,0.0098522167487684,0.1467459324155194,0.006198347107438,0.0215633423180593,0.0226130653266331,0.0141700404858299,0.0174418604651162,0.010840108401084,0.0034129692832764,0.0085178875638841,0.0049504950495049,0.0045351473922902,0.0,0.3450488735544545,4,3
184,宣桥镇,184,0.0115919629057187,0.0,0.0,0.0,0.013477088948787,0.007537688442211,0.0020242914979757,0.001937984496124,0.005420054200542,0.0,0.0017035775127768,0.0,0.0022675736961451,0.0042918454935622,0.0216096594765412,6,4
185,曹路镇,185,0.0113987635239567,0.0024630541871921,0.048811013767209,0.0165289256198347,0.0053908355795148,0.0276381909547738,0.0161943319838056,0.0135658914728682,0.005420054200542,0.0119453924914675,0.0,0.0297029702970297,0.0,0.0085836909871244,0.0556076008495822,6,4
186,叶榭镇,186,0.0112055641421947,0.0098522167487684,0.1163954943679599,0.0041322314049586,0.0242587601078167,0.0402010050251256,0.0101214574898785,0.0,0.008130081300813,0.0119453924914675,0.0017035775127768,0.0,0.0022675736961451,0.0171673819742489,0.018470621031168,6,4
187,航头镇,187,0.0096599690880989,0.0,0.0,0.0020661157024793,0.0296495956873315,0.0150753768844221,0.0141700404858299,0.0155038759689922,0.008130081300813,0.0017064846416382,0.0017035775127768,0.0148514851485148,0.0,0.0128755364806866,0.0308318755588873,6,4
188,罗泾镇,188,0.008887171561051,0.0024630541871921,0.1151439299123904,0.0020661157024793,0.0188679245283018,0.0226130653266331,0.0080971659919028,0.0,0.024390243902439,0.0034129692832764,0.0017035775127768,0.0049504950495049,0.0045351473922902,0.0300429184549356,0.0186813279915416,6,4
189,宝山城市工业园区,189,0.008500772797527,0.0,0.0,0.0020661157024793,0.0107816711590296,0.0804020100502512,0.0,0.001937984496124,0.005420054200542,0.0017064846416382,0.0017035775127768,0.0,0.0,0.0042918454935622,0.0565476210006464,6,4
190,泖港镇,190,0.008114374034003,0.0,0.0,0.0041322314049586,0.0107816711590296,0.0301507537688442,0.0242914979757085,0.001937984496124,0.002710027100271,0.0051194539249146,0.0,0.0,0.0022675736961451,0.0257510729613733,0.0120729480815949,6,4
191,小昆山镇,191,0.0077279752704791,0.0,0.0,0.0041322314049586,0.0242587601078167,0.0351758793969849,0.0020242914979757,0.005813953488372,0.013550135501355,0.0,0.0,0.0,0.0045351473922902,0.0128755364806866,0.02815930113215,6,4
192,外高桥保税区,192,0.0071483771251931,0.0,0.0,0.0144628099173553,0.0377358490566037,0.0025125628140703,0.0040485829959514,0.001937984496124,0.002710027100271,0.0017064846416382,0.0034071550255536,0.0049504950495049,0.0022675736961451,0.0042918454935622,0.0009768568979461,6,4
193,华亭镇,193,0.0067619783616692,0.0,0.0,0.0082644628099173,0.0026954177897574,0.0150753768844221,0.0040485829959514,0.001937984496124,0.021680216802168,0.0034129692832764,0.0,0.0,0.0045351473922902,0.03862660944206,0.0194211299926323,6,4
194,新浜镇,194,0.0057959814528593,0.0024630541871921,0.1188986232790988,0.0020661157024793,0.0107816711590296,0.0276381909547738,0.0020242914979757,0.001937984496124,0.002710027100271,0.0017064846416382,0.0,0.0,0.0022675736961451,0.0300429184549356,0.0125598668665898,6,4
195,合庆镇,195,0.0050231839258114,0.0024630541871921,0.1677096370463079,0.0,0.0080862533692722,0.0050251256281407,0.0161943319838056,0.0,0.002710027100271,0.0051194539249146,0.0,0.0,0.0068027210884353,0.0,0.0418162830936298,4,4
196,石湖荡镇,196,0.0050231839258114,0.0,0.0,0.0020661157024793,0.0080862533692722,0.0326633165829145,0.0040485829959514,0.0,0.0,0.0017064846416382,0.0,0.0,0.0045351473922902,0.0171673819742489,0.0165963359540821,6,4
197,大团镇,197,0.0030911901081916,0.0,0.0,0.0041322314049586,0.0053908355795148,0.0100502512562814,0.0121457489878542,0.0,0.0,0.0,0.0017035775127768,0.0,0.0,0.0,0.0235630204756939,6,4
198,高东镇,198,0.0030911901081916,0.0,0.0,0.0020661157024793,0.0053908355795148,0.0050251256281407,0.0,0.001937984496124,0.005420054200542,0.0068259385665529,0.0017035775127768,0.0049504950495049,0.0022675736961451,0.0042918454935622,0.0510651182457499,6,4
199,泥城镇,199,0.0028979907264296,0.0,0.0,0.0041322314049586,0.0107816711590296,0.0025125628140703,0.0060728744939271,0.001937984496124,0.0,0.0,0.0,0.0198019801980198,0.0,0.0,0.0175938703557739,6,4
200,书院镇,200,0.0027047913446676,0.0049261083743842,0.1376720901126408,0.0020661157024793,0.0,0.0125628140703517,0.0060728744939271,0.0,0.0,0.0,0.0,0.0049504950495049,0.0,0.0042918454935622,0.0179713388686724,6,4
201,上海海港综合经济开发区,201,0.0009659969088098,0.0,0.0,0.0,0.013477088948787,0.0025125628140703,0.0,0.0,0.0,0.0,0.0,0.0,0.0,0.0,0.0126352967313307,6,4
202,城桥镇,202,0.0001931993817619,0.0,0.0,0.0,0.0026954177897574,0.0,0.0,0.0,0.002710027100271,0.0,0.0,0.0,0.0,0.0,0.016794987290887,6,4
203,陈家镇,203,0.0,0.0,0.0,0.0,0.0,0.0,0.0,0.0,0.0,0.0017064846416382,0.0,0.0,0.0,0.0,0.0084732853696767,6,4
204,东平林场,204,0.0,0.0,0.0,0.0,0.0,0.0,0.0,0.0,0.0,0.0,0.0,0.0,0.0,0.0,0.0001399365993173,6,4
205,港沿镇,205,0.0,0.0,0.0,0.0,0.0,0.0,0.0,0.0,0.002710027100271,0.0,0.0,0.0,0.0,0.0,0.0080397487679646,6,4
206,建设镇,206,0.0,0.0,0.0,0.0,0.0,0.0025125628140703,0.0,0.0,0.0,0.0,0.0,0.0,0.0,0.0,0.0081526640360371,6,4
207,老港镇,207,0.0,0.0,0.0,0.0,0.0026954177897574,0.0,0.0,0.0,0.0,0.0,0.0,0.0,0.0,0.0,0.0060449490943097,6,4
208,万祥镇,208,0.0,0.0,0.0,0.0,0.0,0.0025125628140703,0.0,0.0,0.0,0.0,0.0,0.0,0.0,0.0,0.017535347976754,6,4
